vaga,empresa,localidade,data_publicacao,link
Estágio em Desenvolvimento de Software,Nomus,Brazil,2024-02-06,https://br.linkedin.com/jobs/view/est%C3%A1gio-em-desenvolvimento-de-software-at-nomus-3824128427?position=1&pageNum=0&refId=td97pOO%2Bn%2B3UgnRCkZ3FEQ%3D%3D&trackingId=UpB1NTWlCv7Nprgq7pl1tw%3D%3D&trk=public_jobs_jserp-result_search-card
Estágio de Desenvolvimento de Sistemas,Kaizen - A Casa da Autopeça,"Brasília, Federal District, Brazil",2024-02-08,https://br.linkedin.com/jobs/view/est%C3%A1gio-de-desenvolvimento-de-sistemas-at-kaizen-a-casa-da-autope%C3%A7a-3826125904?position=2&pageNum=0&refId=td97pOO%2Bn%2B3UgnRCkZ3FEQ%3D%3D&trackingId=8p8Ggei%2Fc6ESnZLtmLLnsQ%3D%3D&trk=public_jobs_jserp-result_search-card
"Estágio - Desenvolvedor(a) Web - PHP, Laravel, VueJS - Full Stack | Júnior",ProgramaThor,Brazil,2024-02-05,https://br.linkedin.com/jobs/view/est%C3%A1gio-desenvolvedor-a-web-php-laravel-vuejs-full-stack-j%C3%BAnior-at-programathor-3822489717?position=3&pageNum=0&refId=td97pOO%2Bn%2B3UgnRCkZ3FEQ%3D%3D&trackingId=juv03DBIL65kNMLFLNDwRQ%3D%3D&trk=public_jobs_jserp-result_search-card
TESTER DE SOFTWARE - (Estagio/Junior) HIBRIDO,Nivello,"Curitiba, Paraná, Brazil",2024-03-01,https://br.linkedin.com/jobs/view/tester-de-software-estagio-junior-hibrido-at-nivello-3843524395?position=4&pageNum=0&refId=td97pOO%2Bn%2B3UgnRCkZ3FEQ%3D%3D&trackingId=HHD4uGo1XOsvN2E69vpcug%3D%3D&trk=public_jobs_jserp-result_search-card
Assistente de RH (Recursos Humanos) - Junior HR [Full Remote],Joinrs Brasil & Portugal,Brazil,2024-03-04,https://br.linkedin.com/jobs/view/assistente-de-rh-recursos-humanos-junior-hr-full-remote-at-joinrs-brasil-portugal-3845908218?position=5&pageNum=0&refId=td97pOO%2Bn%2B3UgnRCkZ3FEQ%3D%3D&trackingId=cQadYoCR3nCm%2BV0Ii6mCbA%3D%3D&trk=public_jobs_jserp-result_search-card
Estágio de Engenharia de Dados,Kaizen - A Casa da Autopeça,"Brasília, Federal District, Brazil",2024-02-08,https://br.linkedin.com/jobs/view/est%C3%A1gio-de-engenharia-de-dados-at-kaizen-a-casa-da-autope%C3%A7a-3826126019?position=6&pageNum=0&refId=td97pOO%2Bn%2B3UgnRCkZ3FEQ%3D%3D&trackingId=z3v%2FC%2BaTg3OmIY7GVHClKQ%3D%3D&trk=public_jobs_jserp-result_search-card
Marketing Digital Júnior,Joinrs Brasil & Portugal,Brazil,2024-03-04,https://br.linkedin.com/jobs/view/marketing-digital-j%C3%BAnior-at-joinrs-brasil-portugal-3845904288?position=7&pageNum=0&refId=td97pOO%2Bn%2B3UgnRCkZ3FEQ%3D%3D&trackingId=TK%2FvCGCwLnEzIsoQlKqqZg%3D%3D&trk=public_jobs_jserp-result_search-card
Estágio em Técnico de Informática Júnior,Technics Sistemas de Automação Ltda,Greater São Paulo Area,2023-12-29,https://br.linkedin.com/jobs/view/est%C3%A1gio-em-t%C3%A9cnico-de-inform%C3%A1tica-j%C3%BAnior-at-technics-sistemas-de-automa%C3%A7%C3%A3o-ltda-3795507300?position=8&pageNum=0&refId=td97pOO%2Bn%2B3UgnRCkZ3FEQ%3D%3D&trackingId=xo9sjrc6RX3LTs18dKmDZA%3D%3D&trk=public_jobs_jserp-result_search-card
Junior Data Scientist & AI [Full Remote],Joinrs Brasil & Portugal,Brazil,2024-03-04,https://br.linkedin.com/jobs/view/junior-data-scientist-ai-full-remote-at-joinrs-brasil-portugal-3845940847?position=9&pageNum=0&refId=td97pOO%2Bn%2B3UgnRCkZ3FEQ%3D%3D&trackingId=w2Fs%2F%2Bw8j0DuHBIVoFQrdQ%3D%3D&trk=public_jobs_jserp-result_search-card
Banco de talentos - Estágio,StartSe,"São Paulo, São Paulo, Brazil",2024-02-05,https://br.linkedin.com/jobs/view/banco-de-talentos-est%C3%A1gio-at-startse-3822555971?position=10&pageNum=0&refId=td97pOO%2Bn%2B3UgnRCkZ3FEQ%3D%3D&trackingId=lli4tytsGn7v%2BPzfzQKQcQ%3D%3D&trk=public_jobs_jserp-result_search-card
Programa de Estágio (Estagiário),Oterra,"Valinhos, São Paulo, Brazil",2024-02-28,https://br.linkedin.com/jobs/view/programa-de-est%C3%A1gio-estagi%C3%A1rio-at-oterra-3837545457?position=11&pageNum=0&refId=td97pOO%2Bn%2B3UgnRCkZ3FEQ%3D%3D&trackingId=u5lrmpdlTrrSVXdbh%2F6zDQ%3D%3D&trk=public_jobs_jserp-result_search-card
[ELV] Programa de Estágio - Eleve Soluções,Eleve Soluções em Saúde,Greater Natal,2024-01-10,https://br.linkedin.com/jobs/view/elv-programa-de-est%C3%A1gio-eleve-solu%C3%A7%C3%B5es-at-eleve-solu%C3%A7%C3%B5es-em-sa%C3%BAde-3803363619?position=13&pageNum=0&refId=td97pOO%2Bn%2B3UgnRCkZ3FEQ%3D%3D&trackingId=RuNp7GCOae9yNGj1SmQzlQ%3D%3D&trk=public_jobs_jserp-result_search-card
Líder de Operações Júnior (Cajamar),Amazon,"Cajamar, São Paulo, Brazil",2024-02-26,https://br.linkedin.com/jobs/view/l%C3%ADder-de-opera%C3%A7%C3%B5es-j%C3%BAnior-cajamar-at-amazon-3835346569?position=14&pageNum=0&refId=td97pOO%2Bn%2B3UgnRCkZ3FEQ%3D%3D&trackingId=u6SknQntOOvXDmxpFFheZQ%3D%3D&trk=public_jobs_jserp-result_search-card
Analista de Desenvolvimento e Validação Analítica Júnior,Quality Compliance,Greater São Paulo Area,2023-11-06,https://br.linkedin.com/jobs/view/analista-de-desenvolvimento-e-valida%C3%A7%C3%A3o-anal%C3%ADtica-j%C3%BAnior-at-quality-compliance-3776117459?position=15&pageNum=0&refId=td97pOO%2Bn%2B3UgnRCkZ3FEQ%3D%3D&trackingId=hkux%2FpFX6jADWpMVUr%2F6MA%3D%3D&trk=public_jobs_jserp-result_search-card
Trabalhe de Casa Desenvolvedor Node Junior/MidLevel / Ref. 0111P - Back-End | Júnior,ProgramaThor,"São Paulo, São Paulo, Brazil",2024-02-27,https://br.linkedin.com/jobs/view/trabalhe-de-casa-desenvolvedor-node-junior-midlevel-ref-0111p-back-end-j%C3%BAnior-at-programathor-3841510117?position=16&pageNum=0&refId=td97pOO%2Bn%2B3UgnRCkZ3FEQ%3D%3D&trackingId=%2BXF5CPgA6UF%2FGg7Q3eaFLA%3D%3D&trk=public_jobs_jserp-result_search-card
Analista Administrativo Júnior,Mais Diversidade,"São Paulo, São Paulo, Brazil",2024-02-15,https://br.linkedin.com/jobs/view/analista-administrativo-j%C3%BAnior-at-mais-diversidade-3018273035?position=17&pageNum=0&refId=td97pOO%2Bn%2B3UgnRCkZ3FEQ%3D%3D&trackingId=7Ll8Jh3S9Wdg0qI07V5%2BfA%3D%3D&trk=public_jobs_jserp-result_search-card
[Estágio] Speed Lebre | Tecnologia,Liber,Greater Porto Alegre,2024-03-01,https://br.linkedin.com/jobs/view/est%C3%A1gio-speed-lebre-tecnologia-at-liber-3844465609?position=18&pageNum=0&refId=td97pOO%2Bn%2B3UgnRCkZ3FEQ%3D%3D&trackingId=2T%2Bwr3WhP%2FTgmL35qHqAEA%3D%3D&trk=public_jobs_jserp-result_search-card
Analista de dados Junior - Jandira - SP,Start RH,"Jandira, São Paulo, Brazil",2023-12-14,https://br.linkedin.com/jobs/view/analista-de-dados-junior-jandira-sp-at-start-rh-3786559532?position=19&pageNum=0&refId=td97pOO%2Bn%2B3UgnRCkZ3FEQ%3D%3D&trackingId=%2BafMK8n5k48mPjUPYTcgQg%3D%3D&trk=public_jobs_jserp-result_search-card
VAI Academy - Estagiária(o) de Marketing Digital - Rio de Janeiro,Visagio,Greater Rio de Janeiro,2023-09-07,https://br.linkedin.com/jobs/view/vai-academy-estagi%C3%A1ria-o-de-marketing-digital-rio-de-janeiro-at-visagio-3712624453?position=20&pageNum=0&refId=td97pOO%2Bn%2B3UgnRCkZ3FEQ%3D%3D&trackingId=KUoFJGK8FrBwwW6eO7nqeA%3D%3D&trk=public_jobs_jserp-result_search-card
Analista de Negócios Júnior - Business Analyst [Full Remote],Joinrs Brasil & Portugal,Brazil,2024-03-04,https://br.linkedin.com/jobs/view/analista-de-neg%C3%B3cios-j%C3%BAnior-business-analyst-full-remote-at-joinrs-brasil-portugal-3845943098?position=21&pageNum=0&refId=td97pOO%2Bn%2B3UgnRCkZ3FEQ%3D%3D&trackingId=%2BgU9X%2BCsWCt7qWBVoJgp9A%3D%3D&trk=public_jobs_jserp-result_search-card
Estágio | Inovação Aberta | Repsol Sinopec Brasil,Grupo Capacitare,Greater Rio de Janeiro,2024-02-21,https://br.linkedin.com/jobs/view/est%C3%A1gio-inova%C3%A7%C3%A3o-aberta-repsol-sinopec-brasil-at-grupo-capacitare-3836962511?position=22&pageNum=0&refId=td97pOO%2Bn%2B3UgnRCkZ3FEQ%3D%3D&trackingId=Fh%2BBQnb2F1ASa8RmP5rvpw%3D%3D&trk=public_jobs_jserp-result_search-card
Estágio de Inteligência Logística,Kaizen - A Casa da Autopeça,"Brasília, Federal District, Brazil",2024-01-27,https://br.linkedin.com/jobs/view/est%C3%A1gio-de-intelig%C3%AAncia-log%C3%ADstica-at-kaizen-a-casa-da-autope%C3%A7a-3815962066?position=23&pageNum=0&refId=td97pOO%2Bn%2B3UgnRCkZ3FEQ%3D%3D&trackingId=CJqT2%2BpUoy%2F1GpLto3aevA%3D%3D&trk=public_jobs_jserp-result_search-card
Estágio em Gestão de Projetos Digitais e Lançamentos,LinkBiz - Marketing de Performance - Agência Digital,"Brasília, Federal District, Brazil",2023-10-12,https://br.linkedin.com/jobs/view/est%C3%A1gio-em-gest%C3%A3o-de-projetos-digitais-e-lan%C3%A7amentos-at-linkbiz-marketing-de-performance-ag%C3%AAncia-digital-3737755828?position=24&pageNum=0&refId=td97pOO%2Bn%2B3UgnRCkZ3FEQ%3D%3D&trackingId=YlbmuLQxC0VIyPfMbgcxiQ%3D%3D&trk=public_jobs_jserp-result_search-card
Estágio em Engenharia,Intratec Carreiras,Brazil,2024-02-20,https://br.linkedin.com/jobs/view/est%C3%A1gio-em-engenharia-at-intratec-carreiras-3835671308?position=25&pageNum=0&refId=td97pOO%2Bn%2B3UgnRCkZ3FEQ%3D%3D&trackingId=qjO3zoxHkh0G2gqt6rnGoQ%3D%3D&trk=public_jobs_jserp-result_search-card
Estagiário(a) de Inteligência Comercial,Kaizen - A Casa da Autopeça,"Brasília, Federal District, Brazil",2023-11-21,https://br.linkedin.com/jobs/view/estagi%C3%A1rio-a-de-intelig%C3%AAncia-comercial-at-kaizen-a-casa-da-autope%C3%A7a-3770840405?position=26&pageNum=0&refId=td97pOO%2Bn%2B3UgnRCkZ3FEQ%3D%3D&trackingId=A6podYHN4CXpZilajqdG2A%3D%3D&trk=public_jobs_jserp-result_search-card
Desenvolvedor(a) ABAP Júnior - Brasil,Deloitte,"Recife, Pernambuco, Brazil",2024-02-27,https://br.linkedin.com/jobs/view/desenvolvedor-a-abap-j%C3%BAnior-brasil-at-deloitte-3822596133?position=27&pageNum=0&refId=td97pOO%2Bn%2B3UgnRCkZ3FEQ%3D%3D&trackingId=TEZY3uhmKUu9wyRy0CqG7g%3D%3D&trk=public_jobs_jserp-result_search-card
Finance (Finança) - Estágio [Full Remote],Joinrs Brasil & Portugal,Brazil,2024-03-04,https://br.linkedin.com/jobs/view/finance-finan%C3%A7a-est%C3%A1gio-full-remote-at-joinrs-brasil-portugal-3845935953?position=28&pageNum=0&refId=td97pOO%2Bn%2B3UgnRCkZ3FEQ%3D%3D&trackingId=E09F1baLj2NJVDLtB2W7GA%3D%3D&trk=public_jobs_jserp-result_search-card
Estágio em Consultoria de Dados - Vaga afirmativa para mulheres cis e trans,Artefact,"São Paulo, São Paulo, Brazil",2024-02-28,https://br.linkedin.com/jobs/view/est%C3%A1gio-em-consultoria-de-dados-vaga-afirmativa-para-mulheres-cis-e-trans-at-artefact-3841843743?position=29&pageNum=0&refId=td97pOO%2Bn%2B3UgnRCkZ3FEQ%3D%3D&trackingId=tdVPzRWX8Wa%2FN2bqvxJt2g%3D%3D&trk=public_jobs_jserp-result_search-card
BANCO DE TALENTOS - Estágio Customer Success,Arquivei,"São Paulo, São Paulo, Brazil",2024-02-13,https://br.linkedin.com/jobs/view/banco-de-talentos-est%C3%A1gio-customer-success-at-arquivei-3828683998?position=30&pageNum=0&refId=td97pOO%2Bn%2B3UgnRCkZ3FEQ%3D%3D&trackingId=iDZQ%2BG%2FQfqQxawJ4CAiZVA%3D%3D&trk=public_jobs_jserp-result_search-card
Business Development Representative (estágio ou assistente),Venture People,Brazil,2023-10-05,https://br.linkedin.com/jobs/view/business-development-representative-est%C3%A1gio-ou-assistente-at-venture-people-3733653472?position=31&pageNum=0&refId=td97pOO%2Bn%2B3UgnRCkZ3FEQ%3D%3D&trackingId=Aa9lklP%2BbpXdisD%2B3F2Knw%3D%3D&trk=public_jobs_jserp-result_search-card
Junior Performance Marketing,Joinrs Brasil & Portugal,"São Paulo, São Paulo, Brazil",2024-03-04,https://br.linkedin.com/jobs/view/junior-performance-marketing-at-joinrs-brasil-portugal-3845904529?position=32&pageNum=0&refId=td97pOO%2Bn%2B3UgnRCkZ3FEQ%3D%3D&trackingId=uiXHpqh01Sk53jswh1%2B6nw%3D%3D&trk=public_jobs_jserp-result_search-card
Analista da Garantia da Qualidade Júnior,Quality Compliance,Greater São Paulo Area,2023-10-09,https://br.linkedin.com/jobs/view/analista-da-garantia-da-qualidade-j%C3%BAnior-at-quality-compliance-3755584173?position=33&pageNum=0&refId=td97pOO%2Bn%2B3UgnRCkZ3FEQ%3D%3D&trackingId=GPE%2Bs0ipCUG9EgSd7DoGVw%3D%3D&trk=public_jobs_jserp-result_search-card
Estágio -Superior em Ciências Contábil,CIDADE JÚNIOR,"Campina Grande do Sul, Paraná, Brazil",2024-02-26,https://br.linkedin.com/jobs/view/est%C3%A1gio-superior-em-ci%C3%AAncias-cont%C3%A1bil-at-cidade-j%C3%BAnior-3840395837?position=34&pageNum=0&refId=td97pOO%2Bn%2B3UgnRCkZ3FEQ%3D%3D&trackingId=BgzT4NDNXIBCRs4ruK5WRQ%3D%3D&trk=public_jobs_jserp-result_search-card
Junior Supply Chain - Cadeia de Suprimentos - Logística,Joinrs Brasil & Portugal,"São Paulo, São Paulo, Brazil",2024-03-04,https://br.linkedin.com/jobs/view/junior-supply-chain-cadeia-de-suprimentos-log%C3%ADstica-at-joinrs-brasil-portugal-3845939948?position=35&pageNum=0&refId=td97pOO%2Bn%2B3UgnRCkZ3FEQ%3D%3D&trackingId=JkQ5q31ahV9gB6pGgvy8sQ%3D%3D&trk=public_jobs_jserp-result_search-card
"Analista de Planejamento de Projetos Jr
        
          (1 vaga)",Convergint Brasil,"São Paulo, São Paulo, Brazil",2024-03-04,https://br.linkedin.com/jobs/view/analista-de-planejamento-de-projetos-jr%0A-%0A-1-vaga-at-convergint-brasil-3845737871?position=36&pageNum=0&refId=td97pOO%2Bn%2B3UgnRCkZ3FEQ%3D%3D&trackingId=St6bJpTU9Uv5R%2B2RovaU1w%3D%3D&trk=public_jobs_jserp-result_search-card
Analista de ABM (Account Based Marketing) - Júnior,NeoAssist.com S/A,"São Paulo, São Paulo, Brazil",2024-03-01,https://br.linkedin.com/jobs/view/analista-de-abm-account-based-marketing-j%C3%BAnior-at-neoassist-com-s-a-3843530942?position=37&pageNum=0&refId=td97pOO%2Bn%2B3UgnRCkZ3FEQ%3D%3D&trackingId=yqTm4hEArpM%2BnQqu4M8%2BXQ%3D%3D&trk=public_jobs_jserp-result_search-card
Consultor Júnior,Joinrs Brasil & Portugal,"São Paulo, São Paulo, Brazil",2024-03-04,https://br.linkedin.com/jobs/view/consultor-j%C3%BAnior-at-joinrs-brasil-portugal-3845938827?position=38&pageNum=0&refId=td97pOO%2Bn%2B3UgnRCkZ3FEQ%3D%3D&trackingId=oSaS7t5%2BakBsuGlIH53MTw%3D%3D&trk=public_jobs_jserp-result_search-card
Analista Jurídico Júnior - Assessoria Jurídica - Sede Administrativa - Vaga Temporária,Unimed Belém,"Belém, Pará, Brazil",2024-02-27,https://br.linkedin.com/jobs/view/analista-jur%C3%ADdico-j%C3%BAnior-assessoria-jur%C3%ADdica-sede-administrativa-vaga-tempor%C3%A1ria-at-unimed-bel%C3%A9m-3838864123?position=39&pageNum=0&refId=td97pOO%2Bn%2B3UgnRCkZ3FEQ%3D%3D&trackingId=ivbW9dhyXE5dl2Nw3Zp2Qg%3D%3D&trk=public_jobs_jserp-result_search-card
Estágio Administrativo,StartSe,"Curitiba, Paraná, Brazil",2024-02-23,https://br.linkedin.com/jobs/view/est%C3%A1gio-administrativo-at-startse-3838202730?position=40&pageNum=0&refId=td97pOO%2Bn%2B3UgnRCkZ3FEQ%3D%3D&trackingId=o44khM5rHfxNhnF1iWW25w%3D%3D&trk=public_jobs_jserp-result_search-card
Estágio em CS,Hubla,"São Paulo, São Paulo, Brazil",2024-02-21,https://br.linkedin.com/jobs/view/est%C3%A1gio-em-cs-at-hubla-3831283458?position=41&pageNum=0&refId=td97pOO%2Bn%2B3UgnRCkZ3FEQ%3D%3D&trackingId=ZO3Oe2s938OkFSY6gBj5uw%3D%3D&trk=public_jobs_jserp-result_search-card
Visagio Talentos - Estágio: Data Science NE,Visagio,"Recife, Pernambuco, Brazil",2024-01-16,https://br.linkedin.com/jobs/view/visagio-talentos-est%C3%A1gio-data-science-ne-at-visagio-3804839705?position=42&pageNum=0&refId=td97pOO%2Bn%2B3UgnRCkZ3FEQ%3D%3D&trackingId=yZTpObvqNh5p%2Bjhb0hCwEA%3D%3D&trk=public_jobs_jserp-result_search-card
Estágio [ Engenharia ] Timenow Consultoria e Gestão de Projetos,IEL Paraná,"Santo André, São Paulo, Brazil",2023-12-28,https://br.linkedin.com/jobs/view/est%C3%A1gio-engenharia-timenow-consultoria-e-gest%C3%A3o-de-projetos-at-iel-paran%C3%A1-3811598335?position=43&pageNum=0&refId=td97pOO%2Bn%2B3UgnRCkZ3FEQ%3D%3D&trackingId=%2BeCSJJBpOfVly4CNxdn73w%3D%3D&trk=public_jobs_jserp-result_search-card
Talentos em Tecnologia,Letras,"Belo Horizonte, Minas Gerais, Brazil",2023-12-11,https://br.linkedin.com/jobs/view/talentos-em-tecnologia-at-letras-3798926260?position=44&pageNum=0&refId=td97pOO%2Bn%2B3UgnRCkZ3FEQ%3D%3D&trackingId=Bib4x7np6EDCVpKHB505hg%3D%3D&trk=public_jobs_jserp-result_search-card
Analista de Departamento Pessoal Junior,Cadastra,Greater Porto Alegre,2024-03-02,https://br.linkedin.com/jobs/view/analista-de-departamento-pessoal-junior-at-cadastra-3844677509?position=45&pageNum=0&refId=td97pOO%2Bn%2B3UgnRCkZ3FEQ%3D%3D&trackingId=Zk4RXaz%2FzBE1bA99mUou%2FA%3D%3D&trk=public_jobs_jserp-result_search-card
Estágio de Logística (técnico ou superior),CIDADE JÚNIOR,"Campo Largo, Paraná, Brazil",2024-02-10,https://br.linkedin.com/jobs/view/est%C3%A1gio-de-log%C3%ADstica-t%C3%A9cnico-ou-superior-at-cidade-j%C3%BAnior-3827016535?position=46&pageNum=0&refId=td97pOO%2Bn%2B3UgnRCkZ3FEQ%3D%3D&trackingId=xyLURvAqN3PNJYOP3%2BlH9g%3D%3D&trk=public_jobs_jserp-result_search-card
Junior Business Development - Sales - Vendas [Full Remote],Joinrs Brasil & Portugal,Brazil,2024-03-04,https://br.linkedin.com/jobs/view/junior-business-development-sales-vendas-full-remote-at-joinrs-brasil-portugal-3845942457?position=47&pageNum=0&refId=td97pOO%2Bn%2B3UgnRCkZ3FEQ%3D%3D&trackingId=7loA%2B8%2BgSrbl8mGlVaEF4g%3D%3D&trk=public_jobs_jserp-result_search-card
"Analista de Treinamento Técnico Júnior - Curitiba, PR - 1038540",Americas,"Curitiba, Paraná, Brazil",2024-03-04,https://br.linkedin.com/jobs/view/analista-de-treinamento-t%C3%A9cnico-j%C3%BAnior-curitiba-pr-1038540-at-americas-3846080000?position=48&pageNum=0&refId=td97pOO%2Bn%2B3UgnRCkZ3FEQ%3D%3D&trackingId=Vz6at0rsPDJgQ42hepWsfQ%3D%3D&trk=public_jobs_jserp-result_search-card
Visagio Talentos - Estágio: Data Science RJ,Visagio,Greater Rio de Janeiro,2024-01-16,https://br.linkedin.com/jobs/view/visagio-talentos-est%C3%A1gio-data-science-rj-at-visagio-3807243297?position=49&pageNum=0&refId=td97pOO%2Bn%2B3UgnRCkZ3FEQ%3D%3D&trackingId=BjWd%2BScT4ulGbMprAH4pdQ%3D%3D&trk=public_jobs_jserp-result_search-card
Estágio de Manutenção,Kaizen - A Casa da Autopeça,"Brasília, Federal District, Brazil",2024-02-09,https://br.linkedin.com/jobs/view/est%C3%A1gio-de-manuten%C3%A7%C3%A3o-at-kaizen-a-casa-da-autope%C3%A7a-3826312318?position=50&pageNum=0&refId=td97pOO%2Bn%2B3UgnRCkZ3FEQ%3D%3D&trackingId=cAS35YwwEmv3Zss3eBY7%2FQ%3D%3D&trk=public_jobs_jserp-result_search-card
Advogado(a) Júnior,Peers Consulting & Technology,"Belo Horizonte, Minas Gerais, Brazil",2024-02-09,https://br.linkedin.com/jobs/view/advogado-a-j%C3%BAnior-at-peers-consulting-technology-3826865472?position=51&pageNum=0&refId=td97pOO%2Bn%2B3UgnRCkZ3FEQ%3D%3D&trackingId=YPjg455T4f%2B0zMy6Fk9szg%3D%3D&trk=public_jobs_jserp-result_search-card
[Estágio] Speed Lebre | Planejamento Estratégico Operacional,Liber,"São Paulo, São Paulo, Brazil",2024-03-01,https://br.linkedin.com/jobs/view/est%C3%A1gio-speed-lebre-planejamento-estrat%C3%A9gico-operacional-at-liber-3844461966?position=52&pageNum=0&refId=td97pOO%2Bn%2B3UgnRCkZ3FEQ%3D%3D&trackingId=XG%2BaxvKV9Is1et5yXUToJg%3D%3D&trk=public_jobs_jserp-result_search-card
Visagio Talentos - Estágio: Data Science SP,Visagio,"São Paulo, São Paulo, Brazil",2024-01-16,https://br.linkedin.com/jobs/view/visagio-talentos-est%C3%A1gio-data-science-sp-at-visagio-3807238665?position=53&pageNum=0&refId=td97pOO%2Bn%2B3UgnRCkZ3FEQ%3D%3D&trackingId=QqUBPtNgTaV8iSczo7l1Cg%3D%3D&trk=public_jobs_jserp-result_search-card
ESTÁGIO GESTÃO DE PROJETOS,Cottonbaby,"São José, Santa Catarina, Brazil",2024-02-07,https://br.linkedin.com/jobs/view/est%C3%A1gio-gest%C3%A3o-de-projetos-at-cottonbaby-3819905953?position=55&pageNum=0&refId=td97pOO%2Bn%2B3UgnRCkZ3FEQ%3D%3D&trackingId=tZEcrd6WK%2BefO4pUCQdF4Q%3D%3D&trk=public_jobs_jserp-result_search-card
Arquiteto Junior,RHF Talentos Brasília DF,"Brasília, Federal District, Brazil",2024-02-06,https://br.linkedin.com/jobs/view/arquiteto-junior-at-rhf-talentos-bras%C3%ADlia-df-3823442255?position=56&pageNum=0&refId=td97pOO%2Bn%2B3UgnRCkZ3FEQ%3D%3D&trackingId=06Inqiw823pQT7TwDoctDg%3D%3D&trk=public_jobs_jserp-result_search-card
